"published_at","title","video_id"
1604667609000,"THCF - PANDA (OFFICIAL VIDEO)","IjNtSjJZybc"
1604668283000,"Fans wünschen alles Gute und viel Glück! | ZDF Magazin Royale","xmJVEHUjPlI"
1604596502000,"Cannabis: Der große Parteien-Check!","iolQ4Z4SNtE"
1604498413000,"VOYAGE X BRESKVICA FEAT. TANJA SAVIC - PANCIR (OFFICIAL VIDEO)","BgeAwGWP9U4"
1604432247000,"tagesschau 20:00 Uhr, 03.11.2020","hMHQTIPPY0M"
1604422806000,"New York - Stadt der Ungleichheit | WDR Doku","RiSXS-CffIs"
1604426410000,"Frei.Wild - Ciao Bella Ciao (Offizielles Video)","St0SFG02Ejw"
1604301593000,"10 MIN FULL BODY STRETCH - a simple routine for tight muscles & flexibility I Pamela Reif","xOqGI7EDe6U"
1604386935000,"Vienna shooting: Austria launches manhunt after deadly 'terror' attack ?? @BBC News live - BBC","OyBpIe537DA"
1604357687000,"tagesthemen 22:45 Uhr, 02.11.2020","Sk9bdG9Jb2U"
1604333056000,"Spanien: Straßenschlachten gegen Corona-Maßnahmen gehen weiter","T0rw71UAss0"
1604335956000,"Die Möhre über den ""Lockdown light""","D75goRwZ7x4"
1604250002000,"Streit bei Sylvana und Sarah-Jane: Mama muss schlichten! ???? | Folge 183  | Die Wollnys | RTLZWEI","Bif-IqsKijw"
1604259337000,"tagesschau 20:00 Uhr, 01.11.2020","qlHZDQlrrKE"
1604142010000,"Corona: Muss der Lockdown wirklich sein? | Quarks Exklusiv","Y9Atiz_w_N0"
1603972833000,"Das Leben in der Coronazeit | Talha","g4WcPWVJ3Rc"
1603986697000,"Lockdown! Crasht es jetzt wieder? 5 Tipps und 5 interessante Aktien","Rjty-wif0SM"
1603971082000,"Christian Lindner zur Regierungserklärung von Angela Merkel zur Corona-Pandemie am 29.10.20","QLstHxdsKSc"
1603968283000,"Regierungserklärung von Kanzlerin Merkel zur Corona-Politik der Bundesregierung","nNWtgbk81LI"
1603897689000,"Fitnessstudios schließen wieder?? #REALTALK","jzLlsMVAwNY"
1603900807000,"Der Haus-Umbau geht voran + unser ganz normaler Alltag - Vlog 200","TfsU0O3k2xU"
1603913750000,"tagesschau 20:00 Uhr, 28.10.2020","EmeNqr3K5w8"
1603906541000,"Bund und Länder einigen sich auf weitere Maßnahmen gegen SARS-CoV-2","9n4qSfGdNI8"
1603908136000,"„Lockdown light“ bis Ende November: Merkel fordert „nationale Kraftanstrengung""","8WrfUgrgETU"
1603904449000,"Neue Corona-Maßnahmen: Darf der Staat das überhaupt? | #analyse","yS4CQMMYTA0"
1603907974000,"Corona-Gipfel: Wie hart werden die Maßnahmen? I ZDFheute live","P7ne0bROxy8"
1603827578000,"tagesschau 20:00 Uhr, 27.10.2020","F9c3-_2mjSI"
1603827037000,"Zweiter Corona-Lockdown - nun doch? | ZDFheute live","xyRoK0nNrBA"
1603741199000,"tagesschau 20:00 Uhr, 26.10.2020","p4_zmYPn7Rw"
1603724983000,"President Donald Trump: The 60 Minutes 2020 Election Interview","FdAh2HJ98WE"
1603641601000,"Estefania wird 18: Hat Mama jetzt nicht mehr das Sagen? ???? | Folge 182 | Die Wollnys | RTLZWEI","5eL76bHYyG8"
1603555204000,"MIZEB - LOST/KARMA prod. by Cobra & Fifty Vinc | JCC 2020 | FINALE","RaJISIC5JNM"
1603620009000,"ALMAN an Halloween | Phil Laude","m-cE9ckjSPk"
1603482460000,"""Die Ärzte"": Tagesthemen-Intro","6-t5LHTjDk0"
1603476657000,"Virologe Hendrik Streeck zur neuesten Entwicklung der Corona-Lage am 23.10.20","g87-m6S0oiM"
1603434776000,"Trump vs. Biden: Höhepunkte aus dem TV-Duell","kegxjAUax5Q"
1603209600000,"MMS gegen Corona, Krebs & Co.: Die Versprechen der Wunderheiler*innen | STRG_F","39-d2Uf1x2s"
1603305680000,"tagesschau 20:00 Uhr, 21.10.2020","dbdr6KOVLFk"
1603219848000,"Die Echse über Sicherheitsmaßnahmen im Tierreich","zg3rV_vZmsU"
1603295854000,"Jetzt geht das wieder los...","WsMgusfPQ8c"
1603132687000,"tagesschau 20:00 Uhr, 19.10.2020","brgrMlwF4jQ"
1603044901000,"Wie ist das IM KRIEG AUFZUWACHSEN? mit Mois","x7p7Pfu_ubg"
1603008006000,"Verschwörungstheorien - Ein Fall für Lesch & Steffens | Ganze Folge Terra X","f7UvligKPCE"
1602943207000,"Der Glaube an die große Verschwörung: Was steckt dahinter?","elL0EFtyrFw"
1602952363000,"Niederlage für Gosens – Neapel überrollt Bergamo | Neapel – Bergamo 4:1 | Serie A | Highlights","gbYC3hh6qVw"
1602921602000,"Corona: Kanzlerin appelliert an die Bürgerinnen und Bürger","LlYtpBElB2Q"
1602799209000,"Alligatoah x Sido - Monet [prod. by Beatzarre & Djorkaeff, Alligatoah]","TzjxzVmMC-M"
1602687613000,"Wie teuer war unsere Hochzeit und wie viel Geld haben wir bekommen?","bD1Mm_9sN28"
1602700419000,"tagesschau 20:00 Uhr, 14.10.2020","oaSxiD30isY"
1602668555000,"Premiere: Eurofighter wirft erste Bombe in Deutschland I Bundeswehr","Tt_dbIcnF5g"
1602711151000,"CORONA-MAßNAHMEN BESCHLOSSEN:  Briefing von Kanzlerin Merkel nach dem ""historischen"" Spitzentreffen","1PqxV-M8tl0"
1602736200000,"Meinungsfreiheit am Beispiel Wendler","AxVov3SUA9I"
1602614012000,"tagesschau 20:00 Uhr, 13.10.2020","SvllAbuAQFo"
1602527893000,"tagesschau 20:00 Uhr, 12.10.2020","N2GoHu00630"
1602517791000,"Neue Corona-Maßnahmen: Das ändert sich ab Donnerstag in Deutschland","u54W0PoPk6M"
1602356129000,"tagesschau 20:00 Uhr, 10.10.2020","rjIdGAHqjQ4"
1602365902000,"DFB-Team holt ersten Sieg | Ukraine - Deutschland 1:2 | UEFA Nations League - ZDF","F46pnTw-2w8"
1602193809000,"Wendler Manager geschockt vom DSDS Ausstieg und Verschwörungs-Post | Pocher - gefährlich ehrlich","4-d7kPbq454"
1602155100000,"Wer ist er? - DRUCK Nora - Clip 13","DNdaMNL7-Ms"
1602096340000,"tagesschau 20:00 Uhr, 07.10.2020","85InN9VMGzg"
1602075663000,"Komplettes Room Makeover und was sonst noch los war - Vlog 199","dgnO1-XqQE8"
1602000020000,"Arbeitslos durch Corona - Von der Politik im Stich gelassen? | WDR Doku","p5q4ppeugc8"
1602001800000,"Verfassungsfallen: Wie Trump sich ganz legal an der Macht halten könnte | Doku | ARTE","7_yC1vRAllc"
1601899210000,"In seiner Videobotschaft rutscht Donald Trump ein verräterischer Satz heraus: ""Habe viel gelernt""","e2D_EO6ol_Y"
1601923248000,"tagesschau 20:00 Uhr, 05.10.2020","KxUfu75tXW4"
1601805612000,"Ein Tag in Wien","feBncMHPPLE"
1601753401000,"Nach Corona-Infektion: US-Präsident Trump im Krankenhaus","4zrFt6OrrKo"
1601628278000,"Was bedeutet der Corona-Positiv-Test für Trumps Politik und Wahlkampf","TsVJ7boHonw"
1601617066000,"Trump and first lady test positive for coronavirus @BBC News LIVE on iPlayer ?? - BBC","T2j2rQrZLhY"
1601568009000,"Frei.Wild - Attacke ins Glück (Offizielles Video)","PPyKQ2uvxRE"
1601430615000,"Joe Biden and President Donald Trump discuss Covid-19 in first debate","j8k8hj5VyM0"
1601317914000,"tagesschau 20:00 Uhr, 28.09.2020","7S4pmor1-uU"
1601235932000,"Deutschland und die Pandemie  - Sind wir auf einem deutlich besseren, anderen Weg,  Herr Drosten?","WajSenEttUI"
1600968626000,"Frei.Wild - Nur Gott richtet mich (Offizielles Video)","0ZTa3EuoyFk"
1600866003000,"MARINA VISKOVIC - LJUBI ME TU (OFFICIAL VIDEO)","-pSVf6CwWs8"
1600794004000,"Corona, positiv. Olaf Schubert bei Olafs Klub | MDR SPASSZONE","7MA_rN3NcZU"
1600781415000,"Die beliebteste Sehenswürdigkeit in Deutschland","3F2viHAxEg8"
1600532101000,"Torsten Sträter back on Stage bei ""Olafs Klub"" | MDR SPASSZONE","DaX84jr-_x4"
1600497456000,"REKORD ZUM BUNDESLIGA-START: FC Bayern München deklassiert Schalke mit 8:0","vu6XmMB48Gg"
1600413099000,"Virus-Panik: Droht ein zweiter Lockdown? | Kurzfassung","KjtlbTOvdHA"
1600363242000,"how 2020 has me feeling","GKRgMvfEmSE"
1599991212000,"MC Stojan x Hurricane - TUTURUTU - (Mashup) - Alexandra & Matrix Band vs Milos Radovanovic","E4UGYSTzFsE"
1599991280000,"SANDRA AFRIKA - LOSE LOSE (OFFICIAL VIDEO)","x_aHaLbKG_0"
1599732014000,"Joko als Matthias Schweighöfer-Roboter: Coronafälle beim Filmdreh | Late Night Berlin | ProSieben","cGfPa3AQY9Y"
1599654608000,"LIFE UPDATE: Studium, Gefühle & Beziehung #valstalk","UW2eh-6j0L4"
1599573609000,"Love Island 2020 | Folge 3 | Parodie","hpCDIwZHxLk"
1599504429000,"tagesschau 20:00 Uhr, 07.09.2020","FZxAc6wqVOI"
1599393603000,"VUK MOB - TIKTOK INSTAGRAM (OFFICIAL VIDEO)","00zxXH9Pjrc"
1599142658000,"Die Reichsflagge: Was ist das?","2rjklhH5Me8"
1599060604000,"Radikale Entscheidung: Marcel rasiert seine Haare ab! | Ab ins Kloster! | Kabel Eins","cwJZYTD7d_A"
1598969760000,"TENET beweist, dass Christopher Nolan überbewertet ist","44LEL-4iFYE"
1598977844000,"Coronavirus-Update #54: Eine Empfehlung für den Herbst | NDR Podcast","Yho1g3o9EZs"
1598900148000,"tagesschau 20:00 Uhr, 31.08.2020","d5ULdH1EwyE"
1598801407000,"Frei.Wild - Corona Tape II, Attacke ins Glück [VVK-Teaser]","R3zRG7WV9Rg"
1598893211000,"Corona-Demo in Berlin: Diese klaren Worte findet Schauspieler Jan Josef Liefers zur Corona-Krise","pyYDGw3KW1M"
1598725852000,"tagesschau 20:00 Uhr, 29.08.2020","k7hRUWLqw4s"
1598565633000,"UNDACAVA - VERGISS ES  ? prod. by Deadeye (Official Video)","SE4nzECPTpU"
1598524340000,"Anti-Corona-Demo in Berlin - Verbot rechtmäßig?","xsBN7bedPc4"
1598540411000,"Kritik: TENET - DARUM ist dieser Film so GENIAL! (ohne Spoiler)","MLdJbx8cuWg"
1598469830000,"How COVID-19 Broke the Airline Pricing Model","H_akzwzghWQ"
1598380426000,"tagesschau 20:00 Uhr, 25.08.2020","RyZCgTWnpSA"
1598298782000,"Jürgen Klopp im Interview: ""Bayern hat den Umbruch sensationell hinbekommen""","8cyTrNhYMzg"
1598207407000,"tagesschau 20:00 Uhr, 23.08.2020","cXETiJi46v4"
1598119216000,"ABGEHOBENE INFLUENCER // GLOG","tyiAb2_4llE"
1597960506000,"die ärzte – MORGENS PAUKEN (Offizielles Video)","hQpt89pihC8"
1597894873000,"WATCH: Kamala Harris’ full speech at the 2020 Democratic National Convention | 2020 DNC Night 3","JijFLcbIqMs"
1597689090000,"tagesschau 20:00 Uhr, 17.08.2020","WJw9Ze9aFMw"
1597603204000,"tagesschau 20:00 Uhr, 16.08.2020","VjaW96RNagU"
1597392004000,"Teamcheck: Die besten Bayern aller Zeiten? | DAZN","AoNpghxD_Qo"
1597259117000,"tagesschau 20:00 Uhr, 12.08.2020","XKxMXwUQkaU"
1597114800000,"Dua Lipa’s Guest Host Monologue on Jimmy Kimmel Live","aagg7bzJyiw"
1596967210000,"DJ SHONE X FOX X VLADA MATOVIC - ADRENALIN (OFFICIAL VIDEO)","SiBfCfpLTqY"
1596963613000,"ILIAS WELT - Roadtrip nach Ibiza (Part 2)","hvUH6-VEAQc"
1596816015000,"Reiche mir doch bitte mal... | Verstehen Sie Spaß?","vAghM9N2kVE"
1596731410000,"Antoine & Pablo Held - so ein Art Interview (Pablo Held investigates)","G0WPOY6jXS8"
1596661293000,"Explained: What happened in deadly Beirut explosion","FnSr820S2Mk"
1596697216000,"Dieter Nuhr & die DFG | Ein Drama in 5 Akten","_R0ywINFaOo"
1596652577000,"tagesschau 20:00 Uhr, 05.08.2020","GPwvFfErbcw"
1596587970000,"Trump: Beirut explosion looks like ""a bomb of some kind""","0XX-3z0ItEg"
1596606491000,"Beirut blast: Lebanon in mourning after massive explosion - Top stories this morning - BBC","kZ9G8ne8NLE"
1596519712000,"Die Verschwörungsfanatiker von QAnon","9R5TvLCsN-E"
1596513479000,"AXIOS on HBO: President Trump Exclusive Interview (Full Episode) | HBO","zaaTZkqsaxY"
1596462388000,"1,3 Millionen bei Corona-Protest? Auf diese Fakes sollten Sie nicht reinfallen","g-uinKRILCU"
1596393403000,"tagesschau 20:00 Uhr, 02.08.2020","CjF062PRMCo"
1595703602000,"Putting On 10 Masks & Running 1 Km In 100°F Heat, After Smoking, To Prove Masks Can't Suffocate You","HaMlNjzgj2E"
1596298342000,"Berlin: Polizei beendet Demo gegen Corona | Rundschau | BR24","lnOdPGZUa3o"
1596308027000,"'Masks make us slaves': thousands march in Berlin anti-lockdown protest","GlXxU1b3dXs"
1596284564000,"Berlin: Thousands protest against coronavirus restrictions","mp706M8O4bw"
1596272408000,"Survival Guide für Schule & Uni – Tipps & Inspiration! ???","SlYPF8YCL5I"
1596022307000,"CORONA - PREDSEDNICKA PRATNJA (OFFICIAL VIDEO)","tOtN-rLP7H0"
1596053003000,"tagesschau 20:00 Uhr, 29.07.2020","otZ_s0fvwdQ"
1595954488000,"The Logistics of Covid-19 Testing","YgiMqePRp0Y"
1595961545000,"tagesschau 20:00 Uhr, 28.07.2020","xrzgNeGFEVo"
1595910601000,"10 MIN CALORIE KILLER / Medium Level - a HIIT workout that won't kill you I Pamela Reif","NmCXy7oMsOs"
1595927192000,"Robert Koch-Institut Update vom 28.07.2020 zur Corona-Krise","oAmQmjTX0Z4"
1595914200000,"Die Wutbürger: Proteste an der B96","Csf6rTJRWM0"
1595592003000,"SHA X KIJA - PAZI FLOW (OFFICIAL VIDEO)","fWiorMT8wHw"
1595410917000,"""Haltet euch an die Regeln und bleibt vernünftig!"" - Appell von Musiker Farid Bang","6RQz5Ltjpp8"
1595430010000,"Existenzangst, Kinofilm, Gemischtes Hack, Karriere uvm. | Felix Lobrecht im Talk","RekFUq4SNnQ"
1595355300000,"Sendung vom 21. Juli 2020 | Marktcheck SWR","CHWy_7jvWhk"
1595348038000,"Life in the Bubble - Full Team Scrimmage! Who Won?! ?? | JaVale McGee Vlogs","6CJ9fOWzQnY"
1595254054000,"Trump gerät bei TV-Interview ins Schwitzen","sb4_WF2KhVY"
1595145618000,"Michael Patrick Kelly feat. Jennifer Haben - Salve Regina","x59kgGLlNAQ"
1595173618000,"Trump's Fox News interview, in 4 minutes","nof1LyQudAM"
1595164133000,"Princess Beatrice’s Beautiful Wedding Dress and Tiara Borrowed from the Queen","PA9mF5FjmCo"
1595171624000,"Schock über Krawalle in Frankfurt - 5 Polizisten durch Flaschenwürfe verletzt","eGqXgbxwwo8"
1595008812000,"Großbaustelle auf dem Flughafen | Mittendrin - Flughafen Frankfurt (25)","22IsnA50ZkY"
1594905365000,"Coronavirus-Update: Wie wir mit Ungewissheiten weiterleben | Sonderausgabe | NDR Podcast","4PO8bk5p_0o"
1594837588000,"MINI NARRATIVE #10 - mit Wolfgang Wodarg","9N4K2_yTt7w"
1594832818000,"iOS 13.6 Update - Was ist neu? | Das müsst ihr wissen!","OVe6daUk9j8"
1594668506000,"tagesschau 20:00 Uhr, 13.07.2020","QFUvpLKLYI8"
1594569621000,"17.07.2020, 18:00 Uhr","kI3w13pvAsY"
1594495402000,"Die PK mit Tomas Oral & Michael Wiesinger | FC Ingolstadt 04 - 1. FC Nürnberg 3:1","WLYW1F9hYpo"
1594371611000,"ZSK - Ich habe Besseres zu tun (Official Video) Drosten","5OZdKwFSWZw"
1594404013000,"Neustart am Flughafen - Fliegen in Corona Zeiten (2) | Mittendrin - Flughafen Frankfurt (24)","4HHeBrmH3R4"
1594332011000,"PABLOKK • JASON • UNDACAVA - BROTHERS OVER MONEY (Prod. by Deadeye)","YzBT8LN62II"
1594314748000,"Vier Jahre US-Präsident Donald Trump: Wer sind seine Wähler*innen?","PirBEYWiEKk"
1594307635000,"My COVID-19 Nightmare","clscC120ZQM"
1594051207000,"FRAGEN GETRENNT BEANTWORTEN .. | Dilara Kaynarca","D6cO72fOn_s"
1594029798000,"Teodora - Tresi Tresi - (Mashup) - ALEXANDRA vs ALEXANDRA","WNuY1CfpysU"
1594054819000,"Neuanfang nach dem Brand: Die Rettung des Sternerestaurants Traube Tonbach | SWR Doku","gtJdJa727Fg"
1594055641000,"Prototyp ist Zurück !","K1J8GDYDc6U"
1594060331000,"tagesschau 20:00 Uhr, 06.07.2020","vCcG8x6ZIn8"
1593939605000,"ALMAN bei der Pandemie","D0F21EpgHOM"
1593622807000,"Der Tatort-Ermittler - Kommissar im Kripo-Einsatz | SWR Doku","AOnoaHXapPo"
1593531904000,"Robin Gosens - Die Doku: Der Shootingstar von Atalanta Bergamo | SPORTreportage - ZDF","pmweazFgeFc"
1593456133000,"tagesschau 20:00 Uhr, 29.06.2020","07Ob0Sd_Yps"
1593442804000,"Ich bin nicht perfekt.","4FZ8lHx1J34"
1593376259000,"tagesschau 20:00 Uhr, 28.06.2020","cqoWFoBHdik"
1593330788000,"Ich zeige euch meine Stadtvilla | Room Tour XXL | Kevin Wolter","ZPjG4utuVuQ"
1593252011000,"Toyota Supra | 500 PS | Endlich Druck | Mega Sound | Matthias Malmedie","PxcUZYo3p54"
1593109200000,"Ansage an alle Mädchen","RS0klHQLWAc"
1593068403000,"Wissenschaftler irren","DHyRaUeHcGY"
1592938113000,"tagesschau 20:00 Uhr, 23.06.2020","4ZEKe3ah9xQ"
1592888404000,"Lockdown in Gütersloh: Corona-Ausbruch bei Clemens Tönnies","GOJAuo6Shk4"
1592850920000,"tagesschau 20:00 Uhr, 22.06.2020","PU_GxO2jagc"
1592764567000,"tagesschau 20:00 Uhr, 21.06.2020","9rfdeCBzk3k"
1592726761000,"WÜTENDER WAHLKAMPF IN TULSA: Trumps wüste Attacken auf Biden, Medien und Demonstranten","1V6WPVzt9tc"
1592604398000,"Elfer rettet United nach Bergwijn-Solo | Tottenham Hotspur - Manchester 1:1 | Highlights","ojWz1LSxtXY"
1592517662000,"UNDACAVA &  NGEE - QUALITÄT ? prod. by Pjeter & Northside (Official Video)","ZpucNbdx3x0"
1592351906000,"Bayern Munich win eighth straight Bundesliga title... but with no fans | Fox Sports News","rEQ9vf4ctp0"
1592309561000,"Live ab 12.55 Uhr: Söder zu weiteren Corona-Lockerungen | BR24","XMOWXwcz4Bw"
1592300858000,"Vorstellung der Corona-Warn-App","LEgnO2Iqto0"
1592293432000,"Die Corona-Warn-App ist startklar - so funktioniert die App | CHIP","oOyEFxxXWEI"
1592242207000,"If Google Was a Guy: Quarantine Edition (Part 2)","wVS5BMH-Fu4"
1592246431000,"tagesschau 20:00 Uhr, 15.06.2020","zW02xAPSDfw"
1592153174000,"Freier Tag | Raus aus dem Kliemannsland","FuVELGCYa7E"
1592093796000,"WELT NEWS IM STREAM: Heftige Gewitter und Starkregen über weiten Teilen Deutschlands","oGXS5cR5qvE"
1591955947000,"Culcha Candela - Ratatang (Official Video)","Q60E6Kh1PDA"
1591952417000,"Peter Maffay - LIVE 2021 | Die neuen Tourdaten stehen!","VmoEMB6mixk"
1591977607000,"Der hat's verdient: Hypnose Event | Verstehen Sie Spaß?","HJ3WheNwUY8"
1591832337000,"Mohamed Ramadan - Corona Virus [ Music Video ] / ???? ????? - ???? ?????? ?????","L3e4UryXDo0"
1591814143000,"tagesschau 20:00 Uhr, 10.06.2020","T_PQTyoK2Fs"
1591727844000,"tagesschau 20:00 Uhr, 09.06.2020","kNBVaXEnIlo"
1591722019000,"Rechte Bürgerwehr - Wer ist hier gefährlich?  | WDR Doku","T7lqyDz4ecM"
1591674905000,"America Protests Police Brutality and Systemic Racism | The Daily Social Distancing Show","YknhztcrURY"
1591642400000,"tagesschau 20:00 Uhr, 08.06.2020","3S9MLfgf6M0"
1591625349000,"Die schlimmste App der Welt | WALULIS","Glb7wQZxCGM"
1591524002000,"TEODORA - GASOLINA (OFFICIAL VIDEO)","pwOs0jTqWlI"
1591468480000,"tagesschau 20:00 Uhr, 06.06.2020","nYef_nTcgV8"
1591280051000,"Illegale Raves in Leipzig - Party trotz Abstandsregeln?","HeIVI8t2uSk"
1591172415000,"15 MIN GET STRONGER WORKOUT - Let’s Train Together / No Equipment I Pamela Reif","Lk-8YDHtdzc"
1591122997000,"tagesschau 20:00 Uhr, 02.06.2020","nqjCLOZZq4Q"
1591099213000,"USA im Ausnahmezustand! Warum? | #analyse","H7Qy7MhbedE"
1591037740000,"heute 19:00 Uhr vom 01.06.2020","uGUQ0_XL8t0"
1591038012000,"How to increase your stamina with terrible video game tactics | Unraveled","UjDZR9QBIoM"
1591023813000,"DW Reporter während der US Proteste in Minneapolis beschossen | DW Nachrichten","cowh5VFsRcQ"
1591036658000,"tagesschau 20:00 Uhr, 01.06.2020","fUzlwPrINkc"
1591015503000,"Ausschreitungen USA: WELT-Reporter berichtet während Tränengas-Einsatz aus Washington","Mfl1wcoY_vU"
1590948016000,"GÖTTINGEN: Wie eine Corona-Party - Zahlreiche Neuinfektionen nach Großfamilienfeiern","val_0zGj-RM"
1590970037000,"Escalating Protests Nationwide Over Death Of George Floyd | NBC Nightly News","q2L-8-rUM7s"
1590994803000,"Was ist jetzt mit den Schulen und Kitas?","De5FGogMWzQ"
1590919258000,"SHIRIN DAVID - HOES UP G'S DOWN [Official Video]","9dE368ROxxc"
1590869630000,"WELT SONDERSENDUNG: Zweiter Startversuch von SpaceX Crew Dragon zur ISS","gzdg-SOe0Do"
1590768732000,"Virologe Streeck geht nicht von einer zweiten Corona-Welle aus | Lanz 28.05.","8Ct4uyvIiy0"
1590746484000,"TWINGO - Fynn Kliemann | Album: POP | Offizielles Video","SWX4XnMwnUA"
1590673199000,"Ultraorthodoxe Juden - Wie schwer fällt der Ausstieg aus der Gemeinschaft in Jerusalem?","ToMHPRleTGo"
1590703231000,"Piatek bügelt Jarsteins Patzer aus: RB Leipzig - Hertha BSC 2:2 | Bundesliga | DAZN Highlights","fYyxjkJCMQA"
1590584408000,"Autodisco: Dancefloor auf vier Rädern - Wie cool ist das? II PULS Reportage","Jckjhv8w_6U"
1590586154000,"Wissenschaftler haben auch Gefühle | Die Carolin Kebekus Show","mIjJedupOLU"
1590584432000,"Droht uns ein Schocksommer? | Harald Lesch | Terra X","ndvCsfhCuZ0"
1590507900000,"Wie die Formel 1 um ihre Zukunft kämpft | SPORTreportage - ZDF","0ULNySIKgtE"
1590505207000,"Ehrliche Gedanken zum ""Mama werden"" und unserer Familienplanung...Let's Talk!","6gIX292IlL8"
1590518532000,"tagesschau 20:00 Uhr, 26.05.2020","t-15jQDPu7g"
1590426269000,"Dora Show - Coroana M?-tii | Official Video 2020","qMfxNktActY"
1590431611000,"tagesschau 20:00 Uhr, 25.05.2020","cii6YnshbDs"
1590444007000,"Luciano & Klaas steuern Cringe-Jakob: Corona Regeln für Jugendliche | Late Night Berlin | ProSieben","XN22MgKElmI"
1590363652000,"New Zealand PM Jacinda Ardern's live TV interview interrupted by magnitude-5.8 earthquake","LBWwW2NZrnw"
1590328810000,"#ThoMats challenge: Das Classico-Vorspiel zwischen Thomas & Mats","0kHb5zgmr28"
1590321603000,"SANDRA AFRIKA - DRAMA (OFFICIAL VIDEO)","kRPPSIbFS_s"
1590345150000,"tagesschau 20:00 Uhr, 24.05.2020","poCRIN4CrnQ"
1590271249000,"Das erste Mal für Michael Patrick Kelly","TdikD-U6pnw"
1590259064000,"tagesschau 20:00 Uhr, 23.05.2020","hdXhs1D_Mxo"
1590134402000,"Tim hatte nur einen Versuch mit 60er Kurzhanteln","65OVofN1-0E"
1590172682000,"tagesschau 20:00 Uhr, 22.05.2020","hZ6Hw7S2ur4"
1590099244000,"TURNING THE DOLAN TWINS INTO TIKTOKERS FT. Addison Rae","YV0Pa1cVvMk"
1590130810000,"Hans Zimmer & Alan Walker – Time (Official Remix)","axRAL0BXNvw"
1590080056000,"Last call zur CLAAS Live Grünlandvorführung | Freitag 22. Mai 19:30 Uhr","SAohgupJbEU"
1590055235000,"GNTM-Finale ohne Heidi und Publikum! Tamara wird Backstage-Reporterin | taff","zINnEia0IXQ"
1589994148000,"iOS 13.5 Update - Was ist neu? | Das müsst ihr wissen!","wJm_AkVeWyk"
1589961994000,"Coronavirus Update: Nachrichten zur weltweiten Lage","GnCx7FNA24M"
1589999787000,"tagesschau 20:00 Uhr, 20.05.2020","100JN2-RwMQ"
1589985548000,"Harte Zeiten: Wieso Corona das Kino für immer verändern wird! | Behaind","uXLjw87hLDQ"
1589979628000,"Verschwörungstheorien: Warum sie funktionieren und Menschen dran glauben || PULS Reportage","gQUhaBbQYJ0"
1589900400000,"Drogen, Phishing, Malware: Wie Herman X. das Darknet eroberte | STRG_F","1aEpZY4gYog"
1589913277000,"tagesschau 20:00 Uhr, 19.05.2020","E63Y_VTVm0c"
1589904026000,"Nachts auf CORONA STREIFE!!! | POLIZEI BERLIN","iTBC69cdPRU"
1589811384000,"Ein Hof-Besuch: So geht es Carmen Hanken heute","na0w7olJge8"
1589803186000,"Corona: Ist der schwedische Weg besser gegen Covid-19? | Coronavirus | BR","FPYgHHzUt88"
1589839208000,"Kai Havertz köpft Werder tiefer in die Krise: Bremen - Leverkusen 1:4 | Bundesliga | DAZN Highlights","RLFxb44LykA"
1589783408000,"Coronavirus VII: Sports: Last Week Tonight with John Oliver (HBO)","z4gBMw64aqk"
1589727625000,"$3 Takeout Vs. $129 Takeout","SzOhHutFVKs"
1589742207000,"tagesschau 20:00 Uhr, 17.05.2020","jqAXsFRawIA"
1589729401000,"How Harley-Davidson Killed Itself","EOwxxsPaogY"
1589611199000,"Corona-Regeln im Biergarten","Ix2UyA2dvJ4"
1589654072000,"tagesschau 20:00 Uhr, 16.05.2020","S_JlRDt4C4c"
1589665730000,"Helge Schneider - forever at home | Deutschland | #FreeESC","yL0G1EWkbpc"
1589518806000,"10 MIN BACK WORKOUT - upper back, lower back, lats & neck / Equipment: Bottles I Pamela Reif","JAuNs5FnAOU"
1589493610000,"ANONYM - BLUELINE (prod. by Chris Jarbee)","leHXx0QqfJg"
1589360415000,"Harry G über Verschwörungstheorien","A2NlOgnnlYE"
1589308448000,"tagesschau 20:00 Uhr, 12.05.2020","nuK-YTe27xM"
1589222711000,"Folge 1 - Die WG – Zusammen mit Abstand: WG virtuell | DIE WG","giVmRJ7k8-E"
1589274463000,"Corona-Virus: Pressekonferenz des Robert Koch-Instituts, 12.5.2020","DESUQMKzmhc"
1589265011000,"Tere Bina | Salman Khan | Jacqueline Fernandez | Ajay Bhatia","yomgbBEpErE"
1589206362000,"""Gates kapert Deutschland"" zerlegt | WALULIS","0EmH7hHaVNQ"
1589223117000,"tagesschau 20:00 Uhr, 11.05.2020","pmyRLTnaX-0"
1589234403000,"Heimlich Reinmogeln: Welche Taktik funktioniert? | Late Night Berlin | ProSieben","C-WGkqifTiI"
1589191239000,"Schweden ohne Lockdown | ARTE Re:","wL_mpYyLJIE"
1589096007000,"Der schönste Bergsee in Deutschland? Wanderung zum Schrecksee im Allgäu","pgG0IBywND4"
1589182546000,"McFit in Köln-Kalk: Riesen Andrang bei Wiedereröffnung der Fitnessstudios um Mitternacht nach Corona","lcSu6Bv3lrc"
1589129960000,"Wo das Herz des Fußballs schlägt: Die Vereine des Ruhrgebiets | SPORTreportage – ZDF","59XkzDNaDps"
1589135584000,"tagesschau 20:00 Uhr, 10.05.2020","CN9KMMOZcr0"
1589112001000,"Fakten und wie man nicht mit ihnen umgeht | Falsche Gleichgewichtung","0kyCPvu8j9M"
1589032823000,"Dennis aus Hürth und das fliegende Auto","rbWcJEtBTX0"
1589049880000,"tagesschau 20:00 Uhr, 09.05.2020","UvuwhCIEBX4"
1589025606000,"Corona: 4 Dinge, die gerade schief laufen | Quarks Faktencheck","BUNRFc-0DxM"
1588960813000,"Corona-Krise am Flughafen | Mittendrin Extra - Flughafen Frankfurt (23)","AUONpX7XLxo"
1588769206000,"Unsere zwei neuen Mitbewohner =) - Vlog 188","gpXblD5tkE8"
1588775795000,"We Live In The Dumbest Timeline","9nfbeK5LAl0"
1588778898000,"Corona LIVE: Armin Laschet (NRW) zu den neuen Lockerungen","GG9yksljnJg"
1588790401000,"tagesschau 20:00 Uhr, 06.05.2020","0ZcOvOzoDi4"
1588802970000,"Farid Bang spendet Masken","jUqflDcyn_Y"
1588677999000,"Pressekonferenz zur Kabinettssitzung am 5. Mai","9QJutu7puXI"
1588776331000,"Corona-Lockerungen: Pressekonferenz von Bundeskanzlerin Merkel","FrywGkMRbSU"
1588703412000,"Gold AG ft Hysni Klinaku - Jam Anamorava","Diy3rCVqmZg"
1588697789000,"Air Cargo's Coronavirus Problem","r2oPk20OHBE"
1588703557000,"tagesschau 20:00 Uhr, 05.05.2020","R11QLAHWLJU"
1588679227000,"BR24live: Söder legt Lockerungsplan vor - Schulen, Kitas, Gastro","5GYMaVSS38k"
1588669707000,"Coronavirus: Lagebericht des Robert Koch-Instituts, 5.5.2020","0mAoEUOkWhI"
1588625236000,"Heinsberg-Studie: Neue Erkenntnisse zur Corona-Pandemie","3iIsK47eAfo"
1588629624000,"Palina, Matthias Schweighöfer & Otto überraschen Corona-Helden | Late Night Berlin | ProSieben","rNRxiLKgzH4"
1588617322000,"tagesschau 20:00 Uhr, 04.05.2020","L6ZGY_Cuu_g"
1588606098000,"Irrer Livestream von Hertha-Star Salomon Kalou | Stars meckern über Gehaltskürzung!","jSGU7Iy1Slw"
1588541318000,"tagesthemen 22:45 Uhr, 03.05.2020","ecXUUu59jpQ"
1588530821000,"tagesschau 20:00 Uhr, 03.05.2020","A879NFeyfE8"
1588521604000,"CVIJA - POZIV (OFFICIAL VIDEO)","TEB8PexjRAY"
1588523743000,"Brunnen selber bauen | Wasser im Kliemannsland","DIQ2mofNixk"
1588496412000,"ILIAS WELT - ""RESTART"" (Offizielles Musikvideo)","_YF36Vz1eC8"
1588449439000,"BIA?AS #MUREMZABONUSEM #Hot16Challenge2","cigy4iPoseM"
1588444323000,"tagesschau 20:00 Uhr, 02.05.2020","AeXs5YKVHs4"
1588417162000,"Frei.Wild - Spirit of 96 (Offizielles Video)","aPcKaF5aCbM"
1588411337000,"15 MIN AB WORKOUT - Let's Train Together / No Equipment I Pamela Reif","jn5IMNPMRR0"
1588288393000,"Gigi Hadid Confirms Her First Pregnancy and Shares First Cravings","gh7Hy9CpagQ"
1588311004000,"10 MIN CARDIO / No Jumping - silent & neighbor friendly / No Equipment I Pamela Reif","gFeEUq2624Q"
1588317207000,"Ruthe.de - Nachrichten - Pandemie","tEWK543lOGA"
1588264367000,"DEBATTE UM CORONA-MAßNAHMEN: Statement von Kanzlerin Merkel nach Ministerpräsidenten-Konferenz","VqqHu1okeHg"
1588242600000,"Meine FREUNDIN schneidet meine Haare! ??????? | Papaplatte","Cpq7_vkyTMI"
1588237933000,"Coronavirus: Lagebericht des Robert Koch-Instituts, 30.4.2020","hL-_BGCkqVU"
1588190411000,"ANONYM FEAT. MOSH36 - QZENG (prod. by Chris Jarbee & Tossi)","X5T4JYV6tX0"
1588195897000,"tagesthemen 22:35 Uhr, 29.04.2020","amVMorDFO8U"
1588185063000,"tagesschau 20:00 Uhr, 29.04.2020","NlpPXDcY7tM"
1588158254000,"Trump lässt Reporter mit Fake News auffliegen: ""Wirst du dich jetzt entschuldigen?""","GK4PT9C1yWE"
1588154575000,"Stoff Maske - super einfach! - Fabric Mask - super easy! - Nähtinchen","frHvLbeBT8o"
1588230010000,"Sind Väter schlechtere Eltern?","TkkHKU_lLqU"
1588067808000,"Arabische Clans und die Corona-Soforthilfen","hLEtgO8EhbE"
1588136400000,"Die Pandemie-Polizei: Kontaktsperre-Kontrollen in Frankreich","2JO4ReMvwb4"
1588087812000,"Warum Unterricht zu Hause unfair ist | STRG_F","yDoxs_nYTvw"
1588079710000,"Meine nachhaltige Haarmarke, die ENDLICH deine Haarprobleme löst ???? | HAARLIEBE by DominoKati","U7FF1gCQfZ4"
1588065513000,"""Keine leichte Zeit"": RKI-Chef informiert über Corona-Ausbreitung am 28.4.2020","aAxZkWCA8rc"
1587966301000,"Maskenpflicht: 5 geniale DIY Masken im Überblick | Schnell und einfach | Corona | mamiblock","tOLpkBoD56Q"
1587894300000,"Maske in 1 Min selber machen OHNE NÄHEN | Maskenpflicht","cSP0A4HU4Nw"
1588003207000,"JCC 2020 - Charts / Gruppeneinteilung","GYVqDOB8fAU"
1588006810000,"HAUSER: 'Alone, Together' from Arena Pula","5eYuUAV4YE4"
1588012514000,"tagesschau 20:00 Uhr, 27.04.2020","i-rSegf3py4"
1587909624000,"Die unendliche Kletterwand | Rekord geknackt!","bbwSeiZk4fU"
1587938416000,"Watch Brad Pitt Portray Dr. Anthony Fauci on ‘SNL’ | NowThis","oiWA4s-4i-A"
1587934813000,"The Voice Generations - Niemals alleine (From The Voice Of Germany)","O0GuTC0QqQU"
1587921050000,"""Die Lage für Schalke 04 ist ernst"" | SPORTreportage – ZDF","i8XyPC0E1ho"
1587895206000,"Maja??","63UxbAKewSA"
1587823219000,"Neuer Weltrekord im Apnoetauchen","TpG0er6FCbo"
1587891604000,"CoronaLexa | Phil Laude","PSXCckUCyoU"
1587719589000,"Coronavirus: Lagebericht des Robert Koch-Instituts, 24.4.2020","M1CU4xkDOsI"
1587669310000,"Live Lounge Allstars - Times Like These (BBC Radio 1 Stay Home Live Lounge)","7GElP4YdrBE"
1587619794000,"Arivum Anbum - Official Video | Dr. Kamal Haasan | Ghibran | Raaj Kamal","kDUqOcvUVIQ"
1587631423000,"Corona: Regierungserklärung von Bundeskanzlerin Merkel im Bundestag","Qgxbi8zEf38"
1587208218000,"DIY NO SEW Face mask from T-shirt sleeve | 5 minutes | Maison Zizou","yPn5LPryn8I"
1587580832000,"tagesschau 20:00 Uhr, 22.04.2020","P5YahL1ccUc"
1587467598000,"Landesregierung beschließt Maskenpflicht ab 27. April","YSzQJqw7djM"
1587497176000,"Gesichtsmaske - schnell und einfach! Für Anfänger - OHNE Schnittmuster - Nähtinchen","zCN3dXpwRIA"
1587493981000,"ARD extra: Die Corona-Lage, 21.4.2020","NdufjgFmQTA"
1587494262000,"tagesschau 20:00 Uhr, 21.04.2020","LtJpbmcxi4g"
1587481209000,"Das MUSIKVIDEO zur NEUEN WG! ?? | DIE WG","C73UAUo5Tgw"
1587460237000,"Coronavirus: Das RKI zur Lage in Deutschland","HKd2iYkVRgs"
1587380421000,"Ivana Selakov x Amar Gile - BOLI BOLI ( Official Video 2020 )","6Y9HfWhltkU"
1587390978000,"Merkel: ""Die Situation ist trügerisch""","Up13a8NaVok"
1587387620000,"72h-Strafe: Streichen im Seniorenheim – 72 Sozialstunden für Marc || Das schaffst du nie!","ch_Fcgm34WY"
1587377742000,"Regierungserklärung zur Corona-Pandemie (20. April 2020) - Bayern","qwyAxUIJOg0"
1587321929000,"tagesschau 20:00 Uhr, 19.04.2020","8TX3qyf8uxQ"
1587310206000,"Dachdecker / Der Praktikant! Der dreizehnte Tag! ??? Teil 2/2 - Abdichten","U8UW2EaEGGs"
1587309814000,"Maddy vs. Marc - Die ungewöhnlichste Challenge!","0CjTO98lF7E"
1587304560000,"Berlin: Polizei löst Demonstration gegen Einschränkung von Grundrechten auf","8ejofplUjtg"
1587279616000,"Top 5 Nerf Blaster für die Corona-Quarantäne | Magicbiber [deutsch]","MBcIcTfIq5I"
1587285900000,"Kamru - Hugo Boss | JCC 2020 | Qualifikation #3","20GXKxnGrAQ"
1587235487000,"tagesschau 20:00 Uhr, 18.04.2020","VozAizEFJn8"
1587124161000,"Hamburg: Die Reeperbahn in der Corona-Krise | DIE REPORTAGE | NDR Doku","xZZ3Z25XzYY"
1587148922000,"This Movie Has Every Stereotype","V_m7Ik9NZWk"
1587148932000,"tagesschau 20:00 Uhr, 17.04.2020","kVG0wIE5Jwg"
1587131886000,"iann dior - Sick and Tired ft. Machine Gun Kelly & Travis Barker (Official Music Video)","PGlHkSHC_qw"
1587074411000,"BELAH - COCO (prod. by BTM-Soundz x SkennyBeatz)","_1Tcu2GXdSQ"
1587124812000,"Der Christian Streich Rap","JMv2QhnM8xI"
1587074411000,"ANONYM - BANDIT (prod. by Chris Jarbee)","WzOIii-JAfg"
1587074409000,"Sarah Connor - Sind wir bereit? (Offizielles Musikvideo)","Fh4ljIS8-pk"
1587062410000,"tagesschau 20:00 Uhr, 16.04.2020","KtNsBDpge5A"
1587049617000,"Warum die Corona-Krise Bundesliga-Klubs ins Wanken bringt | Sportschau","WN4wq_PEhn0"
1587027770000,"Pressekonfernz zur aktuellen Corona-Lage in Baden-Württemberg","2IpwI5RVSWQ"
1587038402000,"Markus Söder informiert über Corona-Lockerungen | BR24","raxg8nPSbdw"
1586966419000,"Wir backen Kekse | Berliner Sechslinge","_vTTHMNc2nc"
1586964048000,"Corona-Videokonferenz mit Kanzlerin Merkel: Wie geht es weiter in Deutschland?","1826gMoyGWA"
1586975655000,"tagesschau 20:00 Uhr, 15.04.2020","hrjtRIQTFSQ"
1586971112000,"CORONAVIRUS: Tag der Entscheidung - Statement von Kanzlerin Merkel nach Corona-Schaltkonferenz","ZVxoDAfkDWU"
1586889577000,"ARD extra: Die Corona-Lage, 14.4.2020","r2VjrL3-sdo"
1586949800000,"CORONAVIRUS: Tag der Entscheidung - Regierung informiert über Sitzung des Corona-Kabinetts","EZpHFe1QJIY"
1586907779000,"Trump, Coronavirus Task Force hold White House briefing | 4/14/20","xk1EXwA4HAg"
1586885400000,"If Google Was a Guy: Quarantine Edition","aliY82008tk"
1586889213000,"tagesschau 20:00 Uhr, 14.04.2020","gKq_EJ7YQ00"
1586805312000,"Tory Lanez - Who Needs Love (Official Music Video)","1IUzZ60CJEI"
1586855377000,"Coronavirus: Lagebericht des Robert Koch-Instituts, 14.4.2020","1wVpXu-MC0U"
1586791743000,"Abitur oder doch nicht ?! //Hannah","SpO_9qbbUXw"
1586810863000,"tagesthemen 21:45 Uhr, 13.04.2020","Op6Z6b-jI3k"
1586824937000,"Trump, Coronavirus Task Force hold White House briefing | 4/13/20","x4nYy-3AW9E"
1586781902000,"Teuflische Ostern ?? (Sketch)","gvlHr58gAYE"
1586803106000,"tagesschau 20:00 Uhr, 13.04.2020","4EsIGe7qQRU"
1586799656000,"VIRUS FILME: Was können wir daraus lernen..? ??","wM7VL6byiUg"
1586767129000,"NIKOLAS SAX - INIMA RECE ??","mgICqYCZMo8"
1586768448000,"Danke für das etwas andere Osterfest...????Schönen Ostermontag Abend","wRhKPljWXxc"
1586696409000,"Wenn Haus des Geldes eine albanische Serie wäre... ??| Part 3| Das Interview","8hEcVYksdo0"
1586714410000,"Max Giesinger - Nie stärker als jetzt (Offizielles Video)","YOHIGdZ7jR4"
1586702693000,"Homemade Quesadillas | Keep Cooking & Carry On | Jamie Oliver","5G0o9XWo9vM"
1586724411000,"tagesthemen 21:45 Uhr, 12.04.2020","fg8bSv1TQow"
1586716390000,"tagesschau 20:00 Uhr, 12.04.2020","qA9WR8oTF0A"
1586700015000,"Corona: Warum die USA überrollt werden","LuJXqKHbnp8"
1586620811000,"Osteransprache des Ministerpräsidenten - Bayern","TO00fMBLdn4"
1586592075000,"Freude schöner Götterfunken- Polizei NRW und Innenminister Herbert Reul danken per Video","kFmpskUzpyU"
1586630725000,"tagesschau 20:00 Uhr, 11.04.2020","d_tBwMvZQaU"
1586612008000,"Instagram-Hit: Jan Hofer überrascht mit witziger ""Tagesschau"" aus dem Home-Office","QkjgYjNw7TY"
1586630162000,"Tri@Home - Frodeno meistert für Spenden die Triathlon-Langdistanz im ""Homeoffice"" | Sportschau","tyWUOapsdbw"
1586584804000,"Podcast - Kekulés Corona-Kompass #23 SPEZIAL: Ihre Fragen, seine Antworten | MDR aktuell | MDR","K1_03dJ0ZCg"
1586540006000,"st""Ei""lische Oster-Überraschung mit Larissa","BqSAeQyynJk"
1586550372000,"Watch live: President Trump and Coronavirus Task Force hold briefing at the White House","hOCDbGRU0RQ"
1586543443000,"tagesschau 20:00 Uhr, 10.04.2020","cNiIVunl5Xo"
1586524099000,"Hasibe - Çok Sevdim (Prod. Umut Timur)","w0KkkbaVYcA"
1586505608000,"Monsters of Kreisklasse: Der Wir-bleiben-Zuhause-Song","Hz1iFZ6IUB0"
1586466603000,"tagesthemen 22:05 Uhr, 09.04.2020","uDmvMyZadug"
1586480249000,"Trump, Coronavirus Task Force hold White House briefing | 4/9/20","op4aGrJhp30"
1586457248000,"tagesschau 20:00 Uhr, 09.04.2020","0GtoQ23pm-E"
1586426420000,"Thea und Dietrich: KrassZuhause ?? | Krass Schule","_woyKjPzaIA"
1586425006000,"Corona-Studie Heinsberg: Virologe Streeck informiert","VnrHamW8OXQ"
1586370809000,"ARD extra: Die Corona-Lage, 8.4.2020","nOaAJyrWdvo"
1586368804000,"EMINA - KRIZIRAM (OFFICIAL VIDEO)","hb1wbpBLUu4"
1586370924000,"tagesschau 20:00 Uhr, 08.04.2020","xZKjoZ_csF0"
1586275211000,"Oliver Tree - Let Me Down [Official Music Video]","FxG-7AsbjeI"
1586286172000,"Quarantäne Realtalk - Bin ich WIRKLICH die einzige die DAS nicht macht? | Melina Sophie","9pKDAQgeBvQ"
1586284578000,"ARD extra: Die Corona-Lage, 7.4.2020","ElYZ7J_5Szo"
1586267493000,"Bayern zahlt Bonus im Gesundheits- und Pflegebereich (7. April 2020)","8vTkC4c3U04"
1586275207000,"Corona-Pandemie in den USA: Hohe Infektionszahlen in New York City","F-K5V6AglKY"
1586284749000,"tagesschau 20:00 Uhr, 07.04.2020","VYEqqfdE8qs"
1586278811000,"QUARANTÄNE","FqpJBBoqtw0"
1586235611000,"Harte Corona-Kontrollen: Kampf gegen das Virus","rcYL34PMDX8"
1586253623000,"Rosa und Wim: KrassZuhause ?? | Krass Schule","nM0gyPmOfjE"
1586217259000,"Coronavirus: Boris Johnson moved to intensive care as symptoms 'worsen' - BBC Newsnight","wa4m5MBQUls"
1586249546000,"CORONAVIRUS IN DEUTSCHLAND: Briefing des RKI zum aktuellen Stand der Covid-19-Epidemie","JfD8R-mOOjc"
1586188801000,"Samy Deluxe - OneTakeWonder - Covid19","2UYQxM1rrBU"
1586180924000,"Coronavirus-Update #28: ""Auch die Atemluft spielt eine Rolle"" | NDR Podcast","RnuU0YDOzak"
1586193227000,"4 auf einen Streich - BTN-Stars live!?? Folge #06 | Berlin - Tag & Nacht - live aus der WG","TvJE9mrcwj4"
1586184906000,"Kanzlerin Merkel zu den Corona-Maßnahmen der Bundesregierung","uLKyODvu_ec"
1586198381000,"tagesschau 20:00 Uhr, 06.04.2020","KXbrDheYK74"
1586168826000,"LIVE PK: ""Aktuelles zur Coronakrise"" mit Bundeskanzler Kurz, VK Kogler, BM Anschober, BM Nehammer","YQBEkFLFFpU"
1586116802000,"5 Virgins vs 2 Secret Non-Virgins","JCWvvJl3BSE"
1586092829000,"Wenn Haus des Geldes eine albanische Serie wäre... ??| Part 2| Der Überfall","m60O8UUI9kc"
1586115362000,"tagesschau 20:00 Uhr, 05.04.2020","oGyfNr0Tw58"
1586113766000,"The Queen's Coronavirus broadcast: 'We will meet again' - BBC","2klmuggOElE"
1586084801000,"Presseclub: Vollbremsung für Corona – Ist der Preis zu hoch?","OrficCbwv3Q"
1586002304000,"Geigercars - Corona! Die Krise geht weiter | LAGERVERKAUF!","RzA-ZRI9Jt8"
1585934017000,"Umut Timur - Karantina (Lyric Video)","fiIICPCkyLI"
1585938725000,"tagesschau 20:00 Uhr, 03.04.2020","Yqnj-aRpZVY"
1585929603000,"Kein Zutritt für Tättoowierte am Strand | Verstehen Sie Spaß?","9QuJPp9Tez0"
1585899624000,"Maske für Mund & Nase in 1 Minute ??","61wKhwjR10A"
1585911627000,"Fans in Quarantäne","PLXj8yZWyoQ"
1585903113000,"CORONAVIRUS: RKI-Briefing - Rasanter Anstieg bei Covid-19 in Deutschland","ZwIIWc2dNSQ"
1585855829000,"Und nu? - Der Viren-Talk mit Kurt Krömer und Annie Hoffmann","zT8ln9aIAjU"
1585864811000,"ANONYM - ULTIMATE (prod. by Payman)","lqcLVCeprMM"
1585768563000,"Podcast - Kekulé #15: Der statistische Geburtsfehler der Covid-19-Fallzahlen | MDR aktuell | MDR","IeW0mOFG9v0"
1585764900000,"Wie ist das SYNÄSTHESIE ZU HABEN?","mf0Q95pB8ME"
1585755900000,"Coronavirus is not the flu. It's worse.","FVIGhz3uwuQ"
1585777060000,"tagesthemen 22:35 Uhr, 01.04.2020","lAmtjyHuvrw"
1585766659000,"tagesschau 20:00 Uhr, 01.04.2020","bNBoyGVXSe0"
1585743306000,"Schweden lässt Bürgern viel Freiheit","hVM9gaf40EM"
1585735181000,"Resistiré 2020 - Video Oficial","hl3B4Ql8RtQ"
1585735212000,"Fatoni feat. Juse Ju, Mauli, Panik Panzer – Zuhause (prod. by Enaka) – Modus RMX","_MQwFBzjRQA"
1585590508000,"Mundschutz mit Nasenbügel ganz einfach selber nähen!","mZjn72eOZWo"
1585661975000,"Homemade Pizza | Keep Cooking & Carry On | Jamie Oliver","qrfFB3dtcYE"
1585690705000,"tagesthemen 22:35 Uhr, 31.03.2020","ya5Klb3xg50"
1585691512000,"tagesschau 20:00 Uhr, 31.03.2020","w8OwPPmBaA8"
1585692083000,"JCC 2020 - GOD FLAVOUR - JAY JIGGY Qualifikation (prod. by  27Corazones x INBEATABLES)","zWrw0MRL_M0"
1585680426000,"ARD extra: Die Corona-Lage, 31.3.2020","86d3BmflA9w"
1585677629000,"Wie Adidas alles noch schlimmer gemacht hat | WALULIS DAILY","mEvaFX8PFOA"
1585665415000,"Nasen-Mundschutz / Maske / selbst herstellen","6OEpTcGchw4"
1585502855000,"Mundschutz nähen - Mit Bügel - Für Anfänger - Nähtinchen","uEWhTntdcYs"
1585643856000,"CORONAVIRUS IN DEUTSCHLAND: Covid-19-Briefing vom RKI zu aktuellen Lage","RZv4mMFHQ2A"
1585604078000,"tagesthemen 22:15 Uhr, 30.03.2020","gXxTrZAFx04"
1585575549000,"""Joshua, what do you think of Serge's style?"" | Q&A with Kimmich & Gnabry | FC Bayern","6upuHw4MsJ0"
1585246290000,"MÁSCARA DE TECIDO COM FILTRO - Mask of fabric with filter - DIY - TUTORIAL","qNLne8CE8xM"
1585593378000,"tagesschau 20:00 Uhr, 30.03.2020","Z7cKT1zjF8o"
1585598050000,"JuliensCoronaCypher 2020","1WyLGmykOmQ"
1585568788000,"Pressekonferenz mit Markus Söder zu Corona-Maßnahmen | BR24","tiPEh5GsENw"
1585503007000,"Corona-Krise USA: Wie geht Amerika unter Trump mit der Krise um? | Galileo | ProSieben","uBENyKrd4yQ"
1585506604000,"How To Properly Wash Your Hands","ngpWXg5PnH8"
1585494145000,"Coronavirus: Nachrichten zur weltweiten Lage","P74CnTjDe5U"
1585490440000,"Corona: Die absurde Geschichte der Patientin 31","5kk0ggmH664"
1585509427000,"tagesschau 20:00 Uhr, 29.03.2020","bZAppaXXJRg"
1585468802000,"12 MIN AB WORKOUT - Medium Level / No Equipment I Pamela Reif","Goo0g_zmFBY"
1585472412000,"50 Beschäftigungen in Quarantäne!","XiMQe5vuoac"
1585297376000,"Roby Facchinetti - Rinascerò, Rinascerai","D5DhJS5hGWc"
1585423101000,"tagesschau um 20 Uhr: Corona-Alltagsbeschränkungen bleiben vorerst, Industrie stellt Produktion um","vemM93vaOeU"
1585318625000,"Coronavirus-Update #23: ""Die Forschung braucht jetzt ein Netzwerk"" | NDR Podcast","ZeW5TBfE99g"
1585333782000,"Homeschooling mit Robin- Luke, allein zuhaus! 27.03.2020","MRjIMmvKIV0"
1585393210000,"Corona: Wann ist alles vorbei?","Y3t5EH3MQqo"
1585308607000,"""Wie ist es infiziert zu sein?"" 10 Fragen an einen Corona-Erkrankten | Galileo | ProSieben","hKfDyFGaxDw"
1585337742000,"Coronavirus – 3 große Irrtümer | Jasmina Neudecker","dznAruU2WHk"
1585231019000,"Coronavirus: Nachrichten zur weltweiten Lage","Z_7bLLhOdbo"
1585249202000,"Die unbekannten Hintergründe zum Klopapier-Wahnsinn | WALULIS DAILY","ET1yyVrZVd8"
1585280731000,"Dr. Fauci Answers Trevor’s Questions About Coronavirus | The Daily Social Distancing Show","8A3jiM2FNR8"
1585295801000,"ALBAs tägliche Sportstunde | Kita 5 | Superkräfte","zJoVJwRJ-E0"
1585231206000,"Kran-Bestrafung: Kopfüber durch die Wand! Marc hängt am Kran || Das schaffst du nie!","GE_rplEGZX8"
1585294951000,"Schmeiß mein LEBEN auf den MÜLL - Fynn Kliemann | Album: POP | Offizielles Video","OVkRd52eabA"
1585263701000,"die ärzte – Ein Lied für Jetzt (offizielles Video)","t_s6waEUTbI"
1585263611000,"LOREDANA X ZUNA - DU BIST MEIN (prod by SRNO)","6HYNLEeU1EQ"
1585221869000,"Coronavirus: Virologe Drosten über neue Erkenntnisse","z83ocuDqkbY"
1585224002000,"Corona: Was weiß die Wissenschaft? – Leschs Kosmos [Ganze TV-Folge] | Harald Lesch","2jEJNUu73ms"
1585142928000,"Wann dürfen wir wieder raus? Können auch Jüngere sterben? | Interview mit dem RKI zum Cor0na Virus","b0IkizH_kwo"
1585139528000,"Coronavirus: Nachrichten zur weltweiten Lage","2lc_L3kAMHg"
1585209540000,"ALBAs tägliche Sportstunde | Kita 4 | Der Zaubertrank","p_c8At89Qnk"
1585153697000,"Volker Rosin Live - Das Online Konzert!","-tk1M1oUGzw"
1585152028000,"Die 5 TRAURIGSTEN YouTube-Trennungen! - Teil 3 | TOP 5","TJ1UDY_F2yo"
1585153711000,"Coronavirus-Update #21: ""Antikörpertests kommen bald"" | NDR Podcast","i4GNhq1LHhQ"
1585170233000,"Antoine versteckt sich im Wald wegen Corona und Chelene","0un-4Tab5Pc"
1585069202000,"CORONA SONG (Official Music Video)","aq8o5WfBNCY"
1585119590000,"Corona: Wie lange dauert das noch? | Coronavirus | BR","6sGhatPJXrU"
1585128852000,"Coronavirus: Robert Koch-Institut Update vom 25.03.2020","NFuIphb0WaU"
1585123112000,"ALBAs tägliche Sportstunde | Kita 3 | Die Zauberschuhe","7SKBXinDB3c"
1585085322000,"The Morons Of Coronavirus","jLIPA621fQI"
1585062323000,"DISNEY+: Braucht man das? (feat. Simplicissimus & Pocket Money)","iyXLnWzaoB4"
1585069216000,"Capital Bra gibt Tipps aus der AMG Quarantäne | Late Night Berlin | ProSieben","LRiHeF5vybs"
1585066441000,"Coronavirus-Update #20: ""Deutschland kann nur bedingt von anderen lernen"" | NDR Podcast","nXEst3TFVm8"
1585069212000,"SDP - Die Nacht von Freitag auf Montag (Corona Edition)","GapjNx4roeM"
1584989604000,"Platzt jetzt die Immobilien-Blase?","m6nbhhFIHU4"
1584961204000,"Spiel 8 - Elton im Playboy? | Blamieren oder kassieren - Schlag den Star","AhwZxixiWF0"
1585056541000,"Das Coronavirus erklärt & Was du jetzt tun solltest","NU31mw90re0"
1585029609000,"Corona-Krise: Die Welt steht still","w76EKGf3Uu4"
1585036804000,"ALBAs tägliche Sportstunde | Kita 2 | Die Schatzkarte","800btK1r6g8"
1584973274000,"Coronavirus in Italy: Cuba, China and Russia send send medical aid | DW News","kntw_Np8C08"
1584960308000,"10min Upper Body - let's train TOGETHER","5YIRWTjIAmM"
1584970576000,"Coronavirus: Update zur weltweiten Lage","FgxkaLzzP_c"
1584986341000,"Coronavirus-Update #19: ""Masken können andere schützen"" | NDR Podcast","Y-3K1jV4nJw"
1584990001000,"Die peinlichsten Quarantäne-Videos der Influencer | WALULIS DAILY","09SiB5T75d0"
1584993601000,"tagesschau 20:00 Uhr, 23.03.2020","XiVFztWucmM"
1584972629000,"Coronavirus-Tote: Was sagen die Zahlen? | Harald Lesch","X9RKReLDjbM"
1584955501000,"Robert Koch-Institut Update vom 23.03.2020","LAUJzV3H1S4"
1584957517000,"ALBAs tägliche Sportstunde #3 - Oberschule","3kbhr03wJh4"
1584904470000,"Here's How YOU Can Help Find a Cure for COVID-19!","KU4qOebhkfs"
1584901800000,"Berlins 1. Corona-Patient: Was erlebt er? | STRG_F","LoTZ428ocEw"
1584904452000,"Corona: Ausgangssperre? Kontaktverbot? Das kommt jetzt!","6LTz9YZwapU"
1584885658000,"Coronavirus update: Italy struggles to combat 'tsunami' of cases | DW News","H_JjhDvePV8"
1584914857000,"LIVE: Bahrain Virtual Grand Prix!","DYsySLIMOGA"
1584896773000,"Coronavirus: Merkel zu neuen Regeln - Maximal zwei Personen erlaubt","6pQgZLg0xog"
1584867995000,"CORONAVIRUS SONDERSENDUNG: Angst vor großen Covid-19-Welle - Kommt doch eine Ausgangssperre?","cgpUm4mm9zE"
1584874809000,"Wir kochen Nudeln mit TOMMI SCHMITT von GEMISCHTES HACK","Em73TPCXjNg"
1584798639000,"QUARANTÄNE DAY 1 (we schaff this)","UuOOuFTzSa8"
1584867776000,"GReeeN - Klopapier (Corona) [MUSIKVIDEO]","80JWp3ID438"
1584811380000,"Italian doctor on how virus 'exploded', having coronavirus & how to fight it","dkozG3IcXUU"
1584812603000,"Coronavirus in Germany: Bavaria on lockdown, is Berlin next? | DW News","9-8eB-b9jJ0"
1584807293000,"Coronavirus in Deutschland: Vorsicht Ansteckungsgefahr! | DW Reporter","q_0Jj5AHigo"
1584797615000,"Corona: Wann muss ich zum Arzt? Covid-19 - Symptome und Ansteckungswege | Coronavirus | BR","e8XYB98KDrU"
1584818649000,"?? Coronavirus: Der Samstag mit Ausgangsbeschränkungen, 20-Uhr tagesschau 21.03.2020","t6wLvRb9mV0"
1584786381000,"Coronavirus death toll in UK rising faster than in Italy | DW News","uIWl_hZxZIc"
1584784821000,"Aufstieg in 3. Liga unmöglich: Regionalligist SV Rödinghausen | Analyse","XeYAuSL963Y"
1584724057000,"Corona: Quarantäne und Ausgangssperre - Wie das Virus die Welt verändert","yItGm5rPhog"
1584703811000,"LOREDANA - PARODIE - KEIN PLAN VON CORONA (SÄCHSISCH) ALINE BACHMANN","nNhwR4tmedQ"
1584795620000,"Corona: Wann ist die Pandemie vorbei? | Quarks exklusiv","uz1gBTLdIGE"
1584745168000,"Anlagetipp: WODKA – Lutz van der Horst trifft Börsen-Legende Mick Knauff | heute-show vom 20.03.2020","aPZdsEiDCro"
1584783011000,"Kontra K - Quarantäne Home Workout (Part 1) // #StayHome and Work Out #WithMe","hvOtvV7NHK8"
1584687348000,"Einfaches Brot ohne Hefe backen","flC1WaQ1CHw"
1584734267000,"tagesschau 20:00 Uhr, 20.03.2020","qOj1BUV20Do"
1584738005000,"So reagiert Söder auf den weinenden Bäcker aus Hannover","HFD5LVC6SqU"
1584711011000,"Polizei Wien setzt Ausgangssperre in Österreich um - Das Erste","ixOfod6YXN0"
1584727544000,"Coronavirus-Update #18: ""Die Wirksamkeit von Ausgangssperren ist unklar"" | NDR Podcast","RCH4VDvvNRY"
1584716488000,"Corona: Kommt der große Wirtschafts-Crash?","eQoEd6TPClQ"
1584714626000,"Coronavirus – unnötiger Alarm bei COVID-19? | Harald Lesch","Fx11Y4xjDwA"
1584680409000,"Wir machen einen 30-sekündigen Händewasch-Song ????? mit LGOONY","KCQ7YdTHE6c"
1584700772000,"Gefängnis für Luka Jovic? Gladbach & KSC verzichten auf Gehalt! Kein Fußball mehr in 2020?!","mlSRgqHtkZc"
1584697191000,"Corona-Krise: Robert Koch-Institut Update vom 20.03.2020","tmngKgTEFr8"
1584691215000,"ALBAs tägliche Sportstunde #2 - Kita","q8Rl1VhxXbk"
1584626402000,"Challenge: Lauf die vereiste Bobbahn hoch! II Das schaffst du nie!","alMmCS3tUvs"
1584658855000,"Schmeiß mein Leben auf den Müll - Fynn Kliemann | Album: POP | Videovorlage","TQGMB8_c3d8"
1584635295000,"FRAG EINEN CORONA-INFIZIERTEN | Marc über Symptome, Quarantäne, Heinsberg & Toilettenpapier","UeLMCz1rRp8"
1584693001000,"Der Corona Song","9i0p0vLdBfo"
1584612057000,"Recognizing Ignaz Semmelweis and Handwashing","h8OX0FNWANM"
1584632508000,"Coronavirus-Update #17: ""Malaria-Medikament vorerst kein Hoffnungsträger"" | NDR Podcast","3O6jU6VZRH4"
1584640122000,"Corona-Krise: Aktuelle Lage in Deutschland am 19.03.2020","VxKsYoMkEM8"
1584646404000,"tagesschau 20:00 Uhr, 19.03.2020","S0ahI1uHrvs"
1584556277000,"Corona & Co.: Die Geschichte der Hygiene","JmD6DlJOdXo"
1584536726000,"Krankenschwester über Corona: ""Die Leute wissen nicht, was wirklich los ist""","KMMsohrnC9o"
1584561575000,"How To See Germs Spread (Coronavirus)","I5-dI74zxPg"
1584549746000,"Udo und Wilke - Maulwürfe | Wilke Zierden","0pCNC48sGj0"
1584561561000,"ARD extra zur Corona-Lage mit Bundeskanzlerin Angela Merkel | SWR Aktuell","AieMBncXNd0"
1584611432000,"CORONAVIRUS IN BAYERN: Regierungserklärung von Markus Söder zur Corona-Krise","D0hbx0nT9k8"
1584552284000,"Corona: Wann gibt es ein Gegenmittel?","K4vwnFuGNuY"
1584559863000,"tagesschau 20:00 Uhr, 18.03.2020","s9AhYSW4LDE"
1584558022000,"Positiver Effekt wegen Corona: Fische kehren in die Kanäle von Venedig zurück","nQI0IzDEN6U"
1584546743000,"Coronavirus-Update #16: ""Wir brauchen Abkürzungen bei der Impfstoffzulassung"" | NDR Podcast","WZqcTTTVkXY"
1584555476000,"Corona-Krise - Merkel: Es ist ernst!","AEKJaWTFx5o"
1584522428000,"Kurz: „Danach wird die Welt anders aussehen“ | krone.tv News-Talk","iS33N1PPigM"
1584467959000,"SONDERSENDUNG ZUM CORONAVIRUS: Deutschland voll im Corona-Krisenmodus","gA70CfPIwcE"
1584524140000,"Corona-Krise: Update vom Robert Koch-Institut","Cq8_JOZCtVc"
1584473828000,"""Wir haben das Coronavirus"" - Leben in der Quarantäne | TRU DOKU","itjfY8ORa7g"
1584439901000,"Corona-Shutdown in Italien: Kanalwasser wird nach massiver Einstellung von Bootsverkehr kristallklar","C_dVAQNL-8I"
1584466122000,"Coronavirus update: Germany raises threat level to 'high' | DW News","kjpcR9Hfm-E"
1584462602000,"Abwehrkräfte stärken - Ingwer Kurkuma Zitronen Shots / Sallys Welt","NwbAZjuuRKw"
1584471602000,"Das Corona und seine Folgen - ein Virus geht um die Welt | ARTE Re:","DtCmqU8dy4M"
1584475623000,"?? 20-Uhr-tagesschau + ARD extra: Die Corona-Lage, 17.3.2020","S9M7RL5SiGM"
1584455169000,"Coronavirus-Update #15: ""Infizierte werden offenbar immun"" | NDR Podcast","bc9BhpKfh2E"
1584440234000,"Uninformed Correspondent: Bootsie Visits An Expert For Straight Talk About Coronavirus","KuZiaMl7aMw"
1584446050000,"Corona – Ein gefährliches Virus erobert die Welt","AlLBwvDs7EQ"
1584439074000,"Coronavirus: Robert Koch-Institut informiert über aktuelle Lage","g_J8X-DnJVc"
1584407418000,"Quarantine Dispatch: Trump Gets Serious & NYC Shuts Down | The Daily Show","EozTm6ZVf1U"
1584388284000,"Das Netz tickt wegen Corona aus! | WALULIS DAILY","Sv4xGD51T9g"
1584435611000,"CORONA SONG (Official Music Video) by Ah Nice","AapDNTrjjPU"
1584377662000,"Why fighting the coronavirus depends on you","dSQztKXR6k0"
1584370222000,"Der Gesundheitsminister über die Corona-Pläne","zrf5tEKks3o"
1584433826000,"Do the Corona Dance!","jHKRJIn5F4U"
1584360670000,"Wird die EM 2020 abgesagt? Mane von Liverpool zu Real Madrid? Bundesliga-Krisensitzung!","zdxqcvf2FRE"
1584387368000,"tagesschau 20:00 Uhr, 16.03.2020","FeJlJyD1Tv0"
1584365806000,"Coronavirus-Update #14: ""Vorsicht vor Vereinfachungen"" | NDR Podcast","Zr8B6gkOkMc"
1584379335000,"Bundeskanzlerin Angela Merkel zu Corona und der Situation in Deutschland","6JeP6XChhoE"
1584368734000,"Corona: Deutschland steht (fast) still. Und jetzt? | #update","DSMsNtHBFJA"
1584359655000,"Die Bundespressekonferenz mit einem Corona-Update vom 16. März 2020","rMmyLbwRaU8"
1584317434000,"A Message from Trevor: Stay Home | The Daily Show","w_Q_K_Baxjw"
1584274445000,"Hoeneß' flammender Corona-Appell im Doppelpass | SPORT1 - CHECK24 DOPPELPASS","qXgaQJ2WUlM"
1584308882000,"Corona: Bayern will den Katastrophenfall ausrufen | Rundschau | BR24","-RzKHeBYh0k"
1584346166000,"CORONAVIRUS IN DEUTSCHLAND: So drastisch sind Maßnahmen gegen Covid-19","NASt4kMWe9k"
1584310328000,"heute journal vom 15.03.2020","ZlD35Y65zCY"
1584290824000,"Coronavirus update: Spain on lockdown, Germany shuts borders | DW News","mR3LOvv9Z-0"
1584299626000,"Kanzler Kurz begründet Österreichs knallharte Regelungen | Corona-Krise","3kDM-FgpYgk"
1584276058000,"Coronavirus: Darum sollten wir jetzt zuhause bleiben","Buqviy1e9uM"
1584298931000,"CORONAVIRUS: Hamsterkäufe und Corona-Angst - Seehofer zu deutschen Grenzschließungen","BguQqNn1wUk"
1584289918000,"Deutschland schließt Grenzen teilweise - tagesschau 17:15 Uhr, 15.3.2020","i6tUumHuHTk"
1584227355000,"tagesthemen 23:00 Uhr, 14.03.2020","aFgUQyBTXS0"
1584269874000,"ICH BIN IN QUARANTÄNE... ?? #Coronavirus II RayFox","jRb8geon1bo"
1584212388000,"Corona in Italien: Ein Mann dokumentiert das Leben in der Sperrzone | BR extra | BR Fernsehen","I4mOCA67gxQ"
1584260311000,"CORONAVIRUS IN DEUTSCHLAND: Bundeswehr rückt zum Corona-Kampf aus - Berlin macht dicht","uoNVjOj1hKA"
1584227024000,"heute journal vom 14.03.2020","mJ0IfIYSD7I"
1584215263000,"heute 19:00 Uhr vom 14.03.2020","cXQWF6Po1HA"
1584219578000,"Coronavirus: Warum wir jetzt handeln müssen","0ponCPbsLoM"
1584214430000,"tagesschau 20:00 Uhr, 14.03.2020","VctFfCG7Abg"
1584206462000,"Deutschland in Quarantäne!","dim2ECDOALo"
1584128140000,"Coronavirus: Die große Unsicherheit in Deutschland | ZDF spezial","OGU_mXdR7h8"
1584096986000,"Doppelte „Let’s Dance“-Trennung: Sendung ohne Zuschauer & Luca Hänni wieder Single?","pSJEPYsUYYA"
1584128569000,"tagesschau 20:00 Uhr, 13.03.2020","gQg7Omp9KhA"
1584133956000,"Trump Holds News Conference On Coronavirus Pandemic | NBC News (Live Stream Recording)","q_WM_pMp0Hg"
1584119143000,"Coronavirus: Aktuelle Zahlen, Fakten und Entwicklungen | Corona Kompakt vom 13.03.2020","wjZ-E2IUGd8"
1584107323000,"Coronavirus-Update #13: ""Natürlich kann man noch einkaufen gehen"" | NDR Podcast","zUPxzq4Q0nY"
1584108984000,"Aktuelle Beschlüsse der Landesregierung zur Corona-Lage in Baden-Württemberg","iwi6y0xY3GQ"
1584108065000,"Live Pressekonferenz: Sebastian Kurz zu den kommenden Maßnahmen","pH0u8ZKSfq0"
1584082805000,"""Unglaublich!"" Corona-Diskussion bringt Streich auf die Palme","SF3qsVO4HqA"
1584084900000,"Dr. Sanjay Gupta: Panic Doesn't Serve Any Purpose","jmUMolg-7nA"
1584036005000,"Corona - Das Dorf in dem alles begann | WDR Doku","EHl-vfhA3eo"
1584094018000,"Coronavirus - Zahlen und Fakten vom Robert-Koch-Institut","QJ3aU6KuXc8"
1584042025000,"ARD extra: Corona – droht Stillstand in Deutschland?","NpUbe7i0fBo"
1584028657000,"Corona-Update #12: Schulen schließen und Gemeinden unterstützen | NDR Podcast","3qj5qi_iVRw"
1584020847000,"Wird der nächste Spieltag der letzte der Saison? Wer könnte sonst die Champions League gewinnen?","zlJwmanFPMs"
1584038463000,"Corona-Krise: Wie weiter in Deutschland? | ZDF spezial vom 12.03.2020","Y-BKTMW5GIY"
1584045095000,"Coronavirus: Merkel und Länder zu Maßnahmen","xGtUn9idLY4"
1583951816000,"?? Das ist der knallharte Corona-Plan in Österreich | BILD Live vom 11.3.2020","Z3NcK2sa0Ps"
1583982217000,"Bill de Blasio - Confronting the Coronavirus Outbreak in New York City | The Daily Show","aM2DZjsgAlA"
1584018016000,"Fußball OHNE Fans - so klingen Geisterspiele!","USBTTywD75Q"
1583946004000,""" Findet die FESTIVAL TOUR trotz Corona statt ? "" ... | Dagi","EodSqRCxrRs"
1583998502000,"Meanwhile... France Claims Cocaine Will Not Protect You From The Coronavirus","wE442HjJGRo"
1583955369000,"heute 19:00 Uhr vom 11.03.2020","3Yrh2Umwx38"
1583923774000,"Coronavirus in Deutschland: Virologe erklärt die Lage - 'Entschleunigung ist das wichtigste'","SrYHaWZcNIM"
1583932937000,"Corona-Update #11: Wir müssen jetzt gezielt handeln | NDR","BKBDXglZYRU"
1584004746000,"Jetzt: Aktuelle Informationen zum Coronavirus in Deutschland vom Robert-Koch-Institut","MIxdOxmYTi0"
1583955279000,"tagesschau 20:00 Uhr, 11.03.2020","nYhFWCu6RbY"
1583924402000,"""Bleiben Sie in Madrid!"" Klopp attackiert Reporter | SPORT1","CF1ZG5v5FmU"
1583929022000,"Coronavirus: Merkel und Spahn fordern Bürger zu weiteren Einschränkungen auf","QV2lWcj7IjM"
1583858146000,"Coronavirus survivor reveals what it's like to have Covid-19","G9oqvJ3iXGI"
1583875458000,"Update zur Tour - Corona","CTJiuhxhAfA"
1583847540000,"Corona-Update #10: Großveranstaltungen absagen | NDR","geVC6EmeaKw"
1583918568000,"Coronavirus in Deutschland: Update des Robert Koch-Instituts","aySNV5rad64"
1583861400000,"Deutsche in Corona-Isolation: Wie schützen sich Deutsche in Südkorea? | Galileo | ProSieben","AeIIUhs3Cwc"
1583852050000,"Coronavirus: So reagieren Hausärzte auf Verdachtsfälle","ETkeBlK3wNU"
1583868950000,"tagesschau 20:00 Uhr, 10.03.2020","Nqgcu94T0l0"
1583878532000,"Sabitzer schießt Leipzig ins Viertelfinale | RB Leipzig - Tottenham 3:0 | Champions League","4qdQi3FYxD8"
1583845211000,"Wo die HASS-BANNER wirklich herkommen...","xhc3aF1d-TM"
1583827252000,"WELT THEMA: In Deutschland steigen Coronavirus-Fälle rasant - Ganz Italien Covid-19-Sperrzone","peRgqJDXlkM"
1583832840000,"Coronavirus: Aktuelle Informationen des Robert-Koch-Instituts 10.03.2020","gFvkVMmkZiw"
1583767436000,"Coronavirus-Update #09: ""Wir müssen die älteren Menschen schützen"" | NDR Podcast","5Sug8KoHroQ"
1583782480000,"tagesschau 20:00 Uhr, 09.03.2020","krd6aNytyV8"
1583672408000,"LUNA DJO X SAVO PEROVIC - GRAM PO GRAM (OFFICIAL VIDEO)","dzDT6X_UyPU"
1583686802000,"Corona.","OuHZ_kct1sI"
1583696324000,"tagesschau 20:00 Uhr, 08.03.2020","OYT986cN4qE"
1583652981000,"CORONAVIRUS IN EUROPA: Sperrzone - Die Lage in Italien spitzt sich dramatisch zu","UqcyEdMyAvM"
1583604536000,"Wie ist Corona-Quarantäne?| Selbstexperiment","tCnNwhoBBuY"
1583593205000,"Coronavirus: Das wissen wir über Covid-19 | Quarks Extra","WReBrwIllao"
1583503186000,"Coronavirus-Update #08: ""Viren mutieren immer"" | NDR Podcast","KMWFPfufVSc"
1583513439000,"Coronavirus in Deutschland - Wie ist der aktuelle Stand?  | ZDF spezial vom 06.03.2020","4MUITHvoiBM"
1583533935000,"Coronavirus: Warum hamstern die Deutschen Nudeln und KLOPAPIER? | heute-show vom 06.03.2020","5O-sfct4lRI"
1583431200000,"Coronavirus - wie es Deutschland verändert | WDR Doku","CbBbdUH7mXA"
1583437018000,"tagesschau 20:00 Uhr, 05.03.2020","4Zlhz_84N8Y"
1583445536000,"Frei.Wild - Corona Weltuntergang (Offizielles Video)","5ajeNfuOXjE"
1583399761000,"Wie sich das Coronavirus ausbreitet und die Welt erschüttert","TD0GLnwEWjE"
1583342961000,"Corona ist GEIL","iihXIRO0OIE"
1583351457000,"tagesschau 20:00 Uhr, 04.03.2020","SGj7UQhY5aw"
1583310900000,"Meanwhile... Corona Hard Seltzer Launches At The Worst Possible Time","Y8LIT8KReLo"
1583343130000,"Coronavirus: So gefährlich ist es wirklich | Faktencheck","JFGUBQj0RP4"
1583264469000,"tagesschau 20:00 Uhr, 03.03.2020","N1MTOt1up4o"
1583254805000,"Coronavirus: Tagebuch in Quarantäne | Doku | ARTE","ODLQcQ_r1r0"
1583201013000,"Coronavirus Hits America - Is This How We Die? | The Daily Show","z39RgxoiXPE"
1583229665000,"CORONAVIRUS IN DEUTSCHLAND: RKI zu Covid-19 - Corona-Fälle in fast allen Bundesländern","zE5l1KyQPIA"
1583231126000,"Coronavirus in Deutschland - Pure Hysterie oder ernstzunehmende Gefahr? | ProSieben Spezial","XD6MO6pgmN8"
1583178126000,"tagesschau 20:00 Uhr, 02.03.2020","cioT_V6nBoM"
1583087238000,"Coronavirus in Europa - unaufhaltsam? | Weltspiegel extra","7pz2lQfL7Yc"
1583060406000,"Virus-Alarm in Italien: Wie lebt man im Corona-Sperrgebiet?","JibzLPpON3U"
1583092578000,"tagesschau 20:00 Uhr, 01.03.2020","A8_gffm-Bzo"
1583080200000,"Ich bin Chinese und bin KRANK","MSLN4s7-bhQ"
1583050664000,"CORONAVIRUS IN DEUTSCHLAND: Covid-19-Infektionen breiten sich weiter aus","YQWkoNun8-8"
1583053204000,"Corona-CRASH? MSCI World, DAX im Sinkflug: Was tun? #FragFinanzfluss | ETF, Aktien, Gold kaufen?","3UUA27tZBLU"
1583004929000,"tagesschau 20:00 Uhr, 29.02.2020","ATDGqHCEWZc"
1582908802000,"Coronavirus in Deutschland - Wie groß ist die Gefahr? | ZDF spezial vom 28.02.2020","muXiQ20yfUk"
1582893501000,"Coronavirus: Wie gut ist Deutschland vorbereitet? | maybrit illner","j8luYs3NtrY"
1582804688000,"Virologe bei Lanz: Was Deutschland gegen das Coronavirus tun muss","h1PSLrpkInM"
1582809227000,"Coronavirus in Deutschland: Aktuelle Entwicklungen zusammengefasst","mxbvcz4PLjw"
1582795458000,"Coronavirus: Wie schütze ich mich vor einer Infektion? Ein Lungenfacharzt klärt auf","QVeh1tbOOxc"
1582832141000,"tagesschau 20:00 Uhr, 27.02.2020","1xCBpTXEZcA"
1582714109000,"Das Coronavirus wird zur weltweiten Gefahr | DW Nachrichten","4eg7h4RaLAI"
1582727561000,"Baden-Württemberg und NRW: Neue Corona-Fälle in Deutschland","iXkmbF2n1EQ"
1582659392000,"tagesschau 20:00 Uhr, 25.02.2020","fppizChzFgI"
1582663738000,"Coronavirus auf Vormarsch - Eure Fragen an Prof. Susanne Herold I heute+ Livestream","EtuuPUglue0"
1582629440000,"Maßnahmen gegen das Coronavirus in Italien und Deutschland","rUi8oBIQYnk"
1582620818000,"CORONAVIRUS AUS CHINA: Covid-19 breitet sich in Italien immer weiter aus","V1BzBZHsiiY"
1582596432000,"Harry & Meghan Shed Titles, Harvey Weinstein Convicted & Coronavirus Goes to Italy | The Daily Show","CtBtYfMK75o"
1582573314000,"tagesschau 20:00 Uhr, 24.02.2020","yIhi6WlprfU"
1582479002000,"CORONAVIRUS AUS CHINA: Mehr Gebiete in Italien von Covid-19 und Sars CoV-2 betroffen","tY9Iirest3I"
1582487306000,"tagesschau 20:00 Uhr, 23.02.2020","fYxxqRfUPWw"
1582284222000,"Kamada zerlegt Salzburg! Neuer Vertrag für BVB-Star? Adrian Fein verlässt den HSV im Sommer!","SVB1LNCVju8"
1582054444000,"tagesschau 20:00 Uhr, 18.02.2020","jbfNU_pbQkQ"
1581968142000,"tagesschau 20:00 Uhr, 17.02.2020","hh7HXxxNda0"
1581882953000,"tagesschau 20:00 Uhr, 16.02.2020","CrwEbM4egh4"
1581795667000,"tagesschau 20:00 Uhr, 15.02.2020","KigC0ER_On4"
1581516079000,"SPAHN zu CORONAVIRUS: „Der Höhepunkt ist noch nicht erreicht“","CIl7NHEKBeM"
1581536482000,"tagesschau 20:00 Uhr, 12.02.2020","cmkZc7EjI5Y"
1581449431000,"tagesschau 20:00 Uhr, 11.02.2020","5_VEmc_6z1M"
1581363651000,"tagesschau 20:00 Uhr, 10.02.2020","wLzYJF-oP_M"
1581163689000,"Tod vom Coronavirus-Arzt setzt Chinas Xi Jinping unter Druck | DW Nachrichten","ccW5OPhkcfk"
1581084011000,"Coronavirus - Sicherheitstipps | Phil Laude","SkmXskXfvmk"
1581001187000,"Coronavirus: Die Wahrheit über den neuartigen Coronavirus! | Possoch klärt | BR24","CxzQtg-zIJo"
1580660100000,"""Hast du Corona?"" - Die Wahrheit","4t7x_ODIJKU"
1580670900000,"Sieh dir im Zeitraffer an, wie sie in China in 10 Tagen 1 Krankenhaus hochziehen!","CdKRkzwYWWg"
1580479200000,"Angstmacher Coronavirus: Historische Seuchen und Krankheiten","-0fd5x10W-s"
1580375594000,"Coronavirus in China: Sebastian steckt in Wuhan fest (3) | DW Deutsch","ojfy9oanvOs"
1580459023000,"CORONAVIRUS AUS CHINA: WHO ruft Notstand aus - Berlin rät von Reisen nach China ab","UuqxdurAxvc"
1580407211000,"Wie gefährlich ist das neue Coronavirus aus China? Wissenschaftlich geprüft | Jasmina Neudecker","iv53KCwlrPw"
1580403459000,"Geisterstadt Wuhan: Chinas Kampf gegen das Coronavirus","H0NCk3AaH6I"
1580302803000,"TANJA SAVIC - SIROCE (OFFICIAL VIDEO)","gvCv_7TuP6g"
1580300009000,"Virologe zu Coronavirus und Ansteckungsgefahr - Dr. Stürmer bei Lanz","fPfvH5Rkdfo"
1580318983000,"Coronavirus-Pandemie nicht mehr aufzuhalten? - 6000 Infizierte bestätigt, 10.000 Verdachtsfälle","-iLmPEtH2Qg"
1580302774000,"Coronavirus in China: Deutscher Student berichtet aus Wuhan (2) | DW Deutsch","rrFCUxvDV6s"
1580228100000,"JENS SPAHN: Deutsche Behörden weiten Maßnahmen gegen China-Coronavirus aus","gOe2OPmp-MM"
1580206216000,"China races to develop vaccine before coronavirus mutates | DW News","x9532waiGcE"
1580219561000,"Coronavirus: Ansteckend, auch ohne Symptome","yzw3yDsJVH4"
1580225749000,"Coronavirus aus China: DW spricht mit einem Deutschen in Wuhan | DW Deutsch","Ei5lEmXff3k"
1580150334000,"Coronavirus breitet sich jetzt in Europa aus! - 100.000 Infizierte in China? 80 Tote aktuell","LTjxVSDv2h4"
1580111897000,"CORONA-VIRUS AUS CHINA: Zahl der Erkrankten steigt rasant - Zwei Verdachtsfälle in Frankfurt","ZhSN5OzuQe8"
1580059422000,"Inside Wuhan: Daily life in China's coronavirus quarantine zone","luztqxUBvZo"
1579956579000,"Das Coronavirus: Gefahr auch für uns?","rWJ5Ym73yx8"
1577541619000,"EKI X LUNA DJO - PUCA (OFFICIAL VIDEO)","YmXjRp70ECk"
